Epoch,Loss
1,0.0009715532651171088
2,0.13752883672714233
3,0.005600768607109785
4,0.07036300003528595
5,0.06911670416593552
